[
    {
        "id": 5209,
        "change": "let sanoq = () => {\r\n  return 1;\r\n};\r\nsanoq();\r\n",
        "path": "main.js"
    },
    {
        "id": 7199,
        "change": "let x = 19;\r\nfunction son() {\r\n  let n = 10;\r\n  return n;\r\n}\r\nson();\r\n",
        "path": "index.js"
    },
    {
        "id": 5587,
        "change": "let sanoq = () => {\r\n  return 1;\r\n};\r\nsanoq();\r\nlet main = 0;\r\n",
        "path": "main.js"
    },
    {
        "id": 1790,
        "change": "",
        "path": "main.js"
    },
    {
        "id": 5728,
        "change": "let sanoq = () => {\r\n  return 1;\r\n};\r\nsanoq();\r\nlet main = 0;\r\nlet main2 = 0;\r\nlet main3 = 0;\r\n",
        "path": "main.js"
    },
    {
        "id": 6241,
        "change": "let x = 19;\r\nfunction son() {\r\n  let n = 10;\r\n  return n;\r\n}\r\nson();\r\nlet con = 10;\r\n",
        "path": "index.js"
    },
    {
        "id": 8522,
        "change": "let x = 19;\r\nfunction son() {\r\n  let n = 10;\r\n  return n;\r\n}\r\nson();\r\nlet con = 10;\r\nfunction jami() {\r\n  return 5 * 6;\r\n}\r\n",
        "path": "index.js"
    },
    {
        "id": 2274,
        "change": "",
        "path": "./src/index.js"
    },
    {
        "id": 7273,
        "change": "let x = 19;\r\nfunction son() {\r\n  let n = 10;\r\n  return n;\r\n}\r\nson();\r\nlet con = 10;\r\nfunction jami() {\r\n  return 5 * 6;\r\n}\r\n",
        "path": "index.js"
    },
    {
        "id": 5037,
        "change": "",
        "path": "./src/index.js"
    },
    {
        "id": 1543,
        "change": "let x = 19;\r\n",
        "path": "index.js"
    },
    {
        "id": 8142,
        "change": "let sanoq = () => {\r\n  return 1;\r\n};\r\nlet sana = sanoq();\r\n",
        "path": "main.js"
    },
    {
        "id": 9858,
        "change": "let sanoq = () => {\r\n  return 1;\r\n};\r\nlet sana = sanoq();\r\n",
        "path": "main.js"
    },
    {
        "id": 1961,
        "change": "let x = 19;\r\nfunction son() {\r\n  let n = 10;\r\n  return n;\r\n}\r\nson();\r\nfunction jami() {\r\n  return 5 * 6;\r\n}\r\n",
        "path": "index.js"
    },
    {
        "id": 3991,
        "change": "const { table } = require(\"console\");\r\n",
        "path": "./src/index.js"
    }
]